,City,Cloudiness,Country,Date,Humidity,Lat,Lng,Max Temp,Wind Speed
0,busselton,0,AU,1572865774,50,-33.6445,115.3489,61,13.65
1,lasa,20,CY,1572865745,41,34.9245,32.5278,78.8,6.93
2,monrovia,75,LR,1572865830,79,6.328,-10.7978,84.2,5.99
3,prince rupert,90,CA,1572865774,100,54.3161,-130.3202,50,2.24
4,ilulissat,75,GL,1572865791,45,69.2167,-51.1,24.8,19.46
5,rikitea,100,PF,1572865915,90,-23.1203,-134.9692,74.57,16.87
6,cape town,0,ZA,1572865766,41,-33.929,18.4174,86,5.82
7,san quintin,100,PH,1572865795,92,17.5427,120.5203,75.62,3.78
8,chokurdakh,10,RU,1572865792,94,70.6192,147.9022,-2.13,6.82
9,kapaa,90,US,1572865933,88,22.0752,-159.319,75.2,6.93
10,esperance,0,AU,1572865819,68,-33.8583,121.8932,64.4,16.11
11,ribeira grande,75,PT,1572865902,77,38.5167,-28.7001,66.2,12.75
12,tasiilaq,38,GL,1572865903,86,65.6145,-37.6368,30.2,2.24
13,tuktoyaktuk,67,CA,1572865936,90,69.444,-133.032,20.18,9.84
14,new norfolk,75,AU,1572865824,62,-42.7802,147.0615,52,5.82
15,pevek,89,RU,1572865791,81,69.7028,170.2747,15.19,17.6
16,mount gambier,40,AU,1572865970,87,-37.8302,140.7843,46.4,5.82
17,negombo,40,LK,1572865748,70,7.2094,79.8331,86,4.7
18,port elizabeth,20,US,1572865919,80,39.3134,-74.9811,35.6,4.52
19,houma,0,CN,1572865804,54,35.6254,111.3627,55.44,3.15
20,bambous virieux,40,MU,1572865781,69,-20.3428,57.7575,80.6,16.11
21,arraial do cabo,0,BR,1572865767,83,-22.9663,-42.0245,78.8,12.75
22,aklavik,90,CA,1572865934,85,68.2183,-135.0136,17.6,5.82
23,bathsheba,75,BB,1572865902,74,13.2167,-59.5167,82.4,19.46
24,buraydah,0,SA,1572865742,27,26.3317,43.9717,91.4,11.41
25,muisne,99,EC,1572865911,86,0.6104,-80.0186,75.99,17.94
26,saint george,75,GR,1572865747,64,39.4548,22.34,69.8,11.41
27,mataura,100,NZ,1572865782,52,-46.1928,168.8643,64,11.99
28,adwa,0,ET,1572865751,30,14.1646,38.8955,79.13,15.39
29,castro,75,CL,1572865644,100,-42.4824,-73.7644,41,4.7
30,qaanaaq,100,GL,1572865913,77,77.484,-69.3633,15.73,12.73
31,atuona,8,PF,1572865915,74,-9.8,-139.0334,80.48,17.2
32,lavrentiya,0,RU,1572865915,81,65.5842,-170.989,17.03,3.71
33,ushuaia,75,AR,1572865643,93,-54.807,-68.3074,35.6,40.26
34,piranshahr,0,IR,1572865742,42,36.6988,45.1401,48.35,3.8
35,georgetown,40,GY,1572865766,94,6.8026,-58.1629,77,4.7
36,nanortalik,100,GL,1572865903,62,60.1432,-45.2372,32.4,12.88
37,alyangula,17,AU,1572865819,78,-13.8484,136.4192,80.6,3.36
38,maumere,49,ID,1572865966,74,-8.6257,122.2193,76.88,5.41
39,bredasdorp,0,ZA,1572865781,46,-34.5331,20.0428,75.99,17.22
40,dikson,100,RU,1572865789,91,73.5069,80.5464,10.67,19.39
41,port alfred,0,ZA,1572865747,64,-33.5906,26.891,71.01,5.01
42,kudahuvadhoo,96,MV,1572865789,65,2.6708,72.8944,83.52,5.08
43,cherskiy,43,RU,1572865793,96,68.75,161.3,2.19,2.91
44,san javier,68,BR,1572865903,93,-27.8739,-55.1348,72,1.01
45,punta arenas,20,CL,1572865644,79,-53.1627,-70.9081,41,31.09
46,lebu,78,ET,1572865750,50,8.9611,38.7254,68.51,13.94
47,kodiak,1,US,1572865918,75,39.9519,-94.7572,46,11.41
48,sur,2,OM,1572865743,68,22.5702,59.5299,81.66,14.07
49,butaritari,41,KI,1572865819,77,3.0707,172.7902,83.41,17.02
50,longyearbyen,20,NO,1572865762,61,78.2198,15.6349,15.8,18.34
51,husavik,100,CA,1572865934,97,50.5623,-96.9949,28.99,8.99
52,verkhoyansk,50,RU,1572865791,88,67.5527,133.3912,-3.3,2.01
53,albany,20,US,1572865653,86,42.6512,-73.755,32,5.82
54,hirara,75,JP,1572865757,83,24.8,125.2833,73.4,16.11
55,campbell river,90,CA,1572865657,87,50.0163,-125.2446,50,2.48
56,ekhabi,100,RU,1572865758,87,53.5102,142.9671,37.85,21.41
57,fonte boa,92,BR,1572865643,73,-2.5148,-66.0949,80.49,0.63
58,constitucion,20,MX,1572865645,100,23.9912,-104.675,52,4.7
59,faanui,70,PF,1572865796,81,-16.4834,-151.75,78.71,9.78
60,narasannapeta,2,IN,1572865750,77,18.4151,84.0447,77.13,3.8
61,chuy,65,UY,1572865906,74,-33.6938,-53.4562,64.78,6.4
62,ontario,1,US,1572865655,19,34.0658,-117.6485,59,0.67
63,sistranda,0,NO,1572865893,47,63.7256,8.834,35.6,12.75
64,saint-philippe,75,CA,1572865936,80,45.3584,-73.4791,37.4,8.05
65,hithadhoo,67,MV,1572865787,65,-0.6,73.0833,83.61,4.56
66,coruripe,25,BR,1572865767,54,-10.125,-36.1761,84.98,12.26
67,daru,97,PG,1572865758,84,-9.07,143.21,76.46,7.72
68,sitka,1,US,1572865917,65,37.175,-99.6516,41,9.17
69,hobart,75,AU,1572865758,62,-42.8826,147.3281,52,5.82
70,geraldton,75,CA,1572865935,92,49.7189,-86.9494,21.2,2.24
71,maldonado,75,UY,1572865766,93,-34.9088,-54.9583,59,10.29
72,ponta do sol,0,BR,1572865906,59,-20.6335,-45.9989,78.98,5.5
73,vylkove,50,UA,1572865768,52,45.4031,29.5831,72.59,18.84
74,vaini,40,IN,1572865785,51,15.336,74.4926,86,5.82
75,baracska,90,HU,1572865779,100,47.2845,18.757,53.6,11.41
76,fare,83,PF,1572865915,79,-16.7001,-151.0167,78.08,6.85
77,teguise,40,ES,1572865760,64,29.0605,-13.564,75.2,17.22
78,letlhakane,9,BW,1572865747,13,-21.422,25.588,98.21,13.15
79,taber,90,CA,1572865936,92,49.793,-112.1441,30.2,8.05
80,ayan,0,IR,1572865742,43,38.2277,44.6989,55.4,2.24
81,lubango,100,AO,1572865766,38,-14.9196,13.4898,91.22,8.01
82,yeppoon,2,AU,1572865821,73,-23.1349,150.7437,75.2,9.17
83,udachnyy,90,RU,1572865757,83,66.4167,112.4,-13.01,6.71
84,barrow,0,AR,1572865643,40,-38.3131,-60.2291,68.04,15.9
85,sechura,93,PE,1572865643,89,-5.5576,-80.8224,63.23,7.9
86,mogadishu,40,SO,1572865742,66,2.0428,45.3386,86,11.41
87,krasnovishersk,100,RU,1572865744,95,60.4018,57.0767,29.14,13.85
88,hermanus,50,ZA,1572865766,55,-34.4176,19.2361,86,11.01
89,kurilsk,100,RU,1572865820,71,45.2333,147.8833,44.04,16.91
90,jamestown,0,AU,1572865819,79,-33.2075,138.6035,46.89,6.29
91,mizdah,2,LY,1572865758,30,31.4451,12.9801,77.15,17.2
92,nikolskoye,90,RU,1572865757,93,59.7035,30.7861,37,8.95
93,quesnel,90,CA,1572865793,100,52.9768,-122.4949,39.2,1.9
94,gulu,41,UG,1572865743,68,2.7702,32.3044,79.56,4.59
95,comodoro rivadavia,0,AR,1572865644,49,-45.8654,-67.4808,48.2,23.04
96,lakselv,20,NO,1572865949,91,70.0525,24.9636,33.8,29.97
97,qaqortoq,75,GL,1572865778,49,60.7167,-46.0334,26.6,4.7
98,opuwo,50,NA,1572865902,15,-18.0559,13.8371,96.86,7.96
99,newport,90,GB,1572865761,81,51.5882,-2.9975,54,5.82
100,innisfail,73,AU,1572865793,88,-17.5224,146.031,71.28,3.06
101,darapidap,100,PH,1572865798,79,17.2131,120.4114,81.47,7.49
102,boende,92,CD,1572865746,59,-0.2837,20.8826,88.4,1.88
103,harper,1,US,1572865921,87,30.2999,-99.2443,57,9.8
104,carnarvon,0,ZA,1572865781,5,-30.9678,22.1333,88.95,12.3
105,ojinaga,1,US,1572865644,44,29.56,-104.4088,60.8,4.7
106,yar-sale,51,RU,1572865788,92,66.8333,70.8333,6.86,17.6
107,tiksi,94,RU,1572865814,93,71.6366,128.8685,-2.24,6.31
108,wabana,40,CA,1572865936,93,47.6332,-52.9481,42.01,18.34
109,tuatapere,99,NZ,1572865828,51,-46.1324,167.6908,64.99,15.01
110,buala,69,SB,1572865819,81,-8.1456,159.593,79.27,3.51
111,ranong,75,TH,1572865747,88,9.9601,98.6239,78.8,5.82
112,linxia,100,CN,1572865755,82,35.5959,103.2108,40.86,4.45
113,novosheshminsk,100,RU,1572865755,61,55.0616,51.2249,33.26,18.41
114,yellowknife,90,CA,1572865659,85,62.4541,-114.3774,12.2,2.24
115,san patricio,31,PY,1572865904,89,-26.9767,-56.8274,75.24,7.83
116,saint-augustin,90,CA,1572865658,100,45.6256,-73.9796,35.6,3.36
117,tubuala,20,PA,1572865912,94,9.5167,-79.0334,75.2,4.12
118,kaitangata,87,NZ,1572865829,96,-46.2818,169.8464,51.01,1.01
119,elizabeth city,1,US,1572865648,100,36.2957,-76.2248,42.8,1.05
120,coihaique,75,CL,1572865644,80,-45.5753,-72.0662,39.2,4.7
121,khatanga,96,RU,1572865815,97,71.9801,102.4743,-7.37,9.44
122,hasaki,40,JP,1572865758,62,35.7333,140.8333,57.2,8.05
123,portel,33,BR,1572865766,62,-1.9388,-50.8241,85.55,5.35
124,coron,88,FR,1572865879,87,47.1272,-0.6458,54,11.41
125,grand gaube,40,MU,1572865780,69,-20.0064,57.6608,80.6,16.11
126,alice springs,0,AU,1572865758,12,-23.6984,133.8813,75.2,9.17
127,port lincoln,29,AU,1572865970,68,-34.7212,135.8592,55.82,9.17
128,norman wells,90,CA,1572865935,92,65.2824,-126.8328,15.8,6.93
129,vardo,1,US,1572865918,92,39.6165,-77.7392,35.6,1.77
130,mashivka,100,UA,1572865769,51,49.4442,34.87,58.08,15.55
131,cabo san lucas,73,MX,1572865645,83,22.8938,-109.9112,72,4.09
132,soyo,95,AO,1572865758,80,-6.1334,12.3718,80.12,6.76
133,mar del plata,0,AR,1572865644,34,-46.4276,-67.5191,50.24,28.79
134,kualakapuas,20,ID,1572865754,59,-3.0092,114.3876,89.6,6.93
135,victoria,75,BN,1572865755,74,5.2785,115.2423,84.2,4.7
136,provideniya,0,RU,1572865791,95,64.4238,-173.2276,17.15,2.59
137,lompoc,1,US,1572865655,60,34.6392,-120.458,44.6,3.18
138,airai,41,TL,1572865794,93,-8.9266,125.4092,67.23,1.97
139,lishui,7,CN,1572865755,86,28.4531,119.9095,54.39,3.11
140,antofagasta,90,CL,1572865644,82,-23.6464,-70.3981,59,5.82
141,bluff,64,AU,1572865793,71,-23.58,149.0661,75.76,10.04
142,gold coast,14,AU,1572865758,83,-28.0024,153.4146,73.99,12.75
143,aksarka,100,RU,1572865789,93,66.5606,67.7975,11.63,17.29
144,mahebourg,40,MU,1572865747,69,-20.4081,57.7,80.6,16.11
145,cuenca,93,EC,1572865642,88,-2.8974,-79.0045,51.12,3.0
146,port blair,100,IN,1572865749,86,11.6667,92.75,80.44,18.86
147,east london,75,ZA,1572865747,60,-33.0153,27.9116,69.8,11.41
148,biak,81,ID,1572865754,97,-0.9132,122.8766,63.21,3.2
149,kruisfontein,0,ZA,1572865747,52,-34.0034,24.7314,70.22,17.92
150,puerto ayora,58,EC,1572865911,87,-0.7394,-90.3518,69.01,4.0
151,lagoa,75,PT,1572865829,82,37.1363,-8.4541,66.99,9.17
152,bangui,20,CF,1572865830,61,4.3907,18.5509,80.6,6.93
153,abu samrah,0,SY,1572865746,40,35.3029,37.1841,71.49,10.63
154,sarai naurang,0,PK,1572865748,30,32.8278,70.778,79.9,7.23
155,iqaluit,40,CA,1572865935,79,63.7494,-68.5219,21.2,3.36
156,hilo,20,US,1572865657,78,19.7072,-155.0817,73.4,3.36
157,san cristobal acasaguastlan,43,GT,1572865909,97,14.9167,-89.8834,58.75,2.35
158,fethiye,75,TR,1572865743,57,36.6235,29.1172,77,13.87
159,narsaq,75,GL,1572865903,50,60.9127,-46.0453,28.4,5.82
160,kushima,75,JP,1572865757,56,31.4969,131.2924,68,19.46
161,sao filipe,4,CV,1572865902,78,14.8961,-24.4956,78.98,19.17
162,mahibadhoo,20,MV,1572865788,65,3.7833,72.9667,83.63,5.32
163,saldanha,100,PT,1572865974,76,41.4184,-6.5524,54.63,13.85
164,los llanos de aridane,20,ES,1572865760,64,28.6585,-17.9183,75.2,12.75
165,puri,9,ID,1572865793,74,-7.5373,112.4453,77.85,17.27
166,jalu,0,LY,1572865744,20,29.0331,21.5482,88.36,12.5
167,emirdag,0,TR,1572865743,39,39.0197,31.15,64.4,11.41
168,thompson,90,CA,1572865793,71,55.7433,-97.8635,8.6,13.87
169,pisco,68,PE,1572865644,92,-13.71,-76.203,62.01,7.0
170,nandikotkur,2,IN,1572865750,65,15.8562,78.27,81.97,6.24
171,north bend,90,US,1572865790,100,43.4065,-124.2243,42.8,3.36
172,salalah,20,OM,1572865969,66,17.0149,54.0957,86,10.29
173,avera,1,US,1572865916,93,33.194,-82.5271,42.8,3.36
174,kajiado,75,KE,1572865746,47,-1.846,36.7892,77,9.17
175,portland,1,US,1572865651,69,43.661,-70.2549,37.99,3.36
176,taoudenni,0,ML,1572865831,16,22.6783,-3.9837,90.21,4.94
177,kasama,11,ZM,1572865747,19,-10.2089,31.1883,91.55,9.78
178,trairi,30,BR,1572865766,56,-3.278,-39.2679,85.17,9.37
179,clyde river,90,CA,1572865934,78,70.4692,-68.5915,15.8,6.93
180,isangel,25,VU,1572865820,75,-19.55,169.2667,73.85,10.67
181,novyy svit,100,UA,1572865769,53,47.8059,38.0211,51.48,15.14
182,berdigestyakh,100,RU,1572865815,91,62.0983,126.6998,10.76,7.38
183,barabash,0,RU,1572865815,37,43.1901,131.496,33.8,2.24
184,kavieng,100,PG,1572865781,91,-2.5745,150.7967,78.21,20.96
185,ternate,75,PH,1572865754,83,14.2859,120.7165,84.2,8.61
186,guerrero negro,65,MX,1572865915,76,27.971,-114.0364,67.37,6.91
187,vao,100,EE,1572865761,81,59.1018,26.1904,38.36,16.71
188,egvekinot,18,RU,1572865915,89,66.3167,-179.1667,9.74,3.53
189,kalemie,30,CD,1572865743,38,-5.9461,29.1967,83.19,10.13
190,deputatskiy,13,RU,1572865815,88,69.3,139.9,-2.26,4.0
191,antalaha,47,MG,1572865747,91,-14.902,50.2794,74.09,2.64
192,lala,100,PH,1572865754,94,7.9734,123.7477,75.69,0.98
193,padova,75,IT,1572865668,87,45.4077,11.8734,66.99,3.36
194,floro,0,NO,1572865893,48,61.5996,5.0328,44.01,3.36
195,kreminna,100,UA,1572865745,62,49.0463,38.2179,48.94,12.97
196,inhambane,20,MZ,1572865747,58,-23.866,35.3844,86,4.7
197,minab,20,IR,1572865742,38,27.1483,57.0737,91.4,9.17
198,avarua,100,CK,1572865645,68,-21.2078,-159.775,68,2.24
199,esil,97,KZ,1572865790,84,51.9602,66.4089,28.96,13.53
200,filadelfia,12,PY,1572865914,44,-22.3529,-60.0358,90.16,16.64
201,fortuna,1,US,1572865790,93,40.5974,-124.1561,46.4,8.05
202,jiangyou,100,CN,1572865799,93,31.7777,104.7344,49.48,2.51
203,manakara,62,MG,1572865747,63,-22.145,48.0066,82.1,12.01
204,timbiqui,90,CO,1572865911,84,2.7717,-77.6654,78.51,10.27
205,buchanan,75,LR,1572865758,79,5.8813,-10.0495,84.2,4.16
206,sao jose da coroa grande,93,BR,1572865903,67,-8.8978,-35.1478,80.98,8.66
207,abulug,100,PH,1572865799,98,18.4453,121.4533,72.43,1.5
208,upernavik,100,GL,1572865903,62,72.7868,-56.1549,24.77,9.31
209,hofn,20,IS,1572865835,82,64.2539,-15.2082,32,5.82
210,rivera,100,UY,1572865766,94,-30.9001,-55.5409,64.87,7.18
211,taixing,10,CN,1572865755,70,32.1696,120.0161,62.01,8.05
212,bintulu,75,MY,1572865755,78,3.1667,113.0333,80.6,3.36
213,tamandare,86,BR,1572865642,89,-8.2789,-70.7519,75.62,1.79
214,tayoltita,69,MX,1572865914,85,24.1069,-105.9251,58.57,5.97
215,makakilo city,75,US,1572865657,100,21.3469,-158.0859,77,6.33
216,half moon bay,1,US,1572865789,87,37.4636,-122.4286,54,3.8
217,harriston,90,CA,1572865935,93,43.9156,-80.8725,43,8.05
218,candelaria,74,PH,1572865754,90,13.9335,121.4225,81,0.58
219,carbonia,40,IT,1572865953,46,39.1653,8.5278,71.6,14.99
220,padang,68,ID,1572865677,76,-0.9248,100.3633,79,8.52
221,fairview,90,CA,1572865934,79,56.0671,-118.381,24.8,3.36
222,aripuana,50,BR,1572865642,57,-9.1667,-60.6334,85.26,3.04
223,channapatna,39,IN,1572865751,33,12.65,77.2167,86,6.93
224,umm lajj,0,SA,1572865742,60,25.024,37.2669,82.85,14.43
225,peterhead,20,AU,1572865819,51,-34.8297,138.5017,59,16.11
226,pocsaj,0,HU,1572865771,56,47.2821,21.8048,68,25.28
227,hay river,20,CA,1572865935,92,60.8156,-115.7867,6.8,3.36
228,nishihara,20,JP,1572865756,67,35.7387,139.5312,60.8,11.41
229,teguldet,100,RU,1572865788,65,57.3064,88.1672,24.95,4.14
230,margate,75,AU,1572865825,62,-43.0274,147.2623,52,5.82
231,mount hagen,100,PG,1572865758,99,-5.8597,144.2322,50.81,2.53
232,charlestown,20,US,1572865789,86,41.3832,-71.6418,37,3.36
233,rodrigues alves,76,BR,1572865911,92,-7.7381,-72.651,74.66,1.68
234,sambava,19,MG,1572865747,67,-14.2667,50.1667,81.32,5.37
235,carballo,40,ES,1572865765,87,43.2134,-8.6889,57.99,10.29
236,gualeguay,99,AR,1572865766,89,-33.1465,-59.3131,71.46,2.35
237,camacari,40,BR,1572865767,78,-12.6975,-38.3242,82.4,11.41
238,albanel,20,CA,1572865934,79,48.8837,-72.4425,34,4.7
239,homer,90,US,1572865934,100,59.6441,-151.5402,41,19.73
240,vila verde,0,BR,1572865767,78,-23.7293,-46.571,78.01,4.7
241,castelnuovo rangone,0,IT,1572865780,67,44.5513,10.935,69.01,5.82
242,moose factory,90,CA,1572865935,92,51.2585,-80.6095,24.8,6.93
243,cayenne,75,GF,1572865766,100,4.9371,-52.3259,75.2,8.7
244,vanimo,100,PG,1572865819,73,-2.6741,141.3028,80.89,10.18
245,yulara,0,AU,1572865938,8,-25.2411,130.9869,80.6,10.29
246,sinnamary,99,GF,1572865961,80,5.3772,-52.9574,82.38,17.9
247,tvoroyri,90,FO,1572865834,80,61.5556,-6.8111,39.2,3.36
248,talaya,100,RU,1572865752,56,55.787,84.8935,28.13,7.56
249,cidreira,77,BR,1572865906,71,-30.1658,-50.2184,71.33,14.63
250,kahului,1,US,1572865657,78,20.8894,-156.4728,71.6,8.05
251,katsuura,75,JP,1572865757,55,33.9258,134.505,60.8,23.04
252,jumla,43,NP,1572865787,67,29.2754,82.1825,42.82,2.37
253,le hochet,40,MU,1572865747,69,-20.1351,57.5211,80.6,16.11
254,smithers,90,CA,1572865936,100,54.783,-127.1703,39.2,4.27
255,sabang,74,PH,1572865798,90,13.7975,121.1096,81,0.58
256,turbat,25,PK,1572865748,29,26.0028,63.0506,91.38,16.31
257,bretigny-sur-orge,75,FR,1572865665,82,48.6114,2.3059,57,12.75
258,samarai,100,PG,1572865820,92,-10.6167,150.6667,75.11,5.57
259,bismarck,75,US,1572865656,92,46.8083,-100.7838,30.99,14.99
260,anamur,0,TR,1572865743,44,36.0751,32.8369,77,9.17
261,talnakh,75,RU,1572865753,77,69.494,88.3908,1.4,11.18
262,roswell,1,US,1572865656,41,33.3943,-104.523,44.6,4.7
263,blyth,40,GB,1572865761,100,55.1241,-1.5019,52,10.29
264,chara,75,GR,1572865747,64,39.4167,22.4309,73.99,11.41
265,port hardy,40,CA,1572865935,100,50.6996,-127.4199,48.2,6.93
266,muhos,0,FI,1572865764,92,64.8063,25.9954,15.01,4.7
267,olinda,75,AU,1572865824,87,-37.8438,145.3856,53.01,8.05
268,balkanabat,0,TM,1572865742,20,39.5089,54.3631,55.83,6.73
269,oriximina,43,BR,1572865766,63,-1.7656,-55.8662,83.86,6.62
270,sisimiut,95,GL,1572865903,58,66.9395,-53.6735,30.63,7.54
271,ankazobe,40,MG,1572865747,41,-18.3173,47.1176,78.8,9.17
272,bar harbor,20,US,1572865787,92,44.3912,-68.2008,39,2.68
273,morondava,0,MG,1572865747,69,-20.2954,44.2798,79.54,16.46
274,vila velha,75,BR,1572865766,69,-3.7125,-38.6045,82.4,12.75
275,osmena,100,PH,1572865754,80,12.1709,124.5883,83.95,16.96
276,mamallapuram,0,IN,1572865785,55,12.6264,80.1722,89.6,5.82
277,touros,75,BR,1572865903,83,-5.1989,-35.4609,77,3.36
278,nusaybin,0,TR,1572865743,28,37.0826,41.2145,71.6,3.36
279,hami,20,CN,1572865753,25,42.8354,93.5128,49.98,0.45
280,abilene,1,US,1572865649,58,32.4465,-99.7334,59,14.99
281,pacifica,1,US,1572865655,87,37.6138,-122.487,57,3.8
282,verkh-chebula,100,RU,1572865788,64,56.0294,87.6103,27.92,6.58
283,la romana,20,DO,1572865768,100,18.4273,-68.9735,75.2,3.36
284,puerto baquerizo moreno,100,EC,1572865911,88,-0.9,-89.6,68.54,13.51
285,prado,100,CO,1572865911,94,3.7507,-74.9299,72.77,0.87
286,arlit,0,NE,1572865831,9,18.7391,7.3933,94.98,3.09
287,waipawa,0,NZ,1572865829,77,-39.9412,176.5913,55.99,8.99
288,vila franca do campo,75,PT,1572865902,77,37.7167,-25.4334,66.2,4.7
289,adrar,0,DZ,1572865831,32,27.8734,-0.2875,80.6,9.17
290,tripoli,75,GR,1572865743,69,37.5102,22.3724,73.4,11.41
291,grindavik,90,IS,1572865903,100,63.8424,-22.4338,37.4,10.29
292,cervo,25,BR,1572865904,56,-22.1856,-46.2383,78.19,5.97
293,altayskoye,92,RU,1572865789,78,51.9451,85.3367,32.87,2.68
294,turukhansk,94,RU,1572865788,96,65.7954,87.9608,3.33,6.53
295,luziania,0,BR,1572865767,78,-16.2526,-47.9503,78.01,1.12
296,lima,36,PE,1572865914,91,-12.0622,-77.0366,61.7,14.03
297,phalaborwa,34,ZA,1572865747,40,-23.9486,31.1376,86,12.75
298,sao miguel do araguaia,71,BR,1572865766,57,-13.275,-50.1628,85.43,3.24
299,rincon,0,PA,1572865912,79,8.4581,-82.2818,64.99,2.93
300,varhaug,75,NO,1572865892,61,58.6147,5.6457,46.4,5.82
301,paraiso,20,BR,1572865766,100,-0.0286,-51.1736,80.6,4.7
302,rabo de peixe,75,PT,1572865902,77,37.8,-25.5834,66.2,4.7
303,takoradi,4,GH,1572865758,50,4.8874,-1.752,93.74,2.8
304,linkou,0,CN,1572865757,41,45.2901,130.267,28.91,2.28
305,lorengau,100,PG,1572865781,83,-2.0226,147.2712,78.01,7.92
306,elban,0,RU,1572865815,73,50.1018,136.5094,28.92,5.84
307,severo-kurilsk,0,RU,1572865820,75,50.6789,156.125,40.57,11.68
308,dennery,20,LC,1572865909,94,13.8996,-60.8879,80.6,5.82
309,xinqing,67,CN,1572865757,45,48.2846,129.5284,27.45,5.64
310,anadyr,90,RU,1572865791,85,64.7317,177.5061,24.8,8.95
311,puerto ayacucho,0,CO,1572865768,84,5.6647,-67.6252,79.59,11.36
312,starozhilovo,99,RU,1572865753,62,54.2283,39.9114,46,7.0
313,hovd,0,NO,1572865968,63,63.8339,10.6972,34,13.87
314,umea,0,SE,1572865745,86,63.8284,20.2597,26.6,5.82
315,aberystwyth,86,GB,1572865965,99,52.4143,-4.0817,46.99,1.01
316,saskylakh,83,RU,1572865814,95,71.965,114.0939,-15.85,7.05
317,bansgaon,5,IN,1572865787,55,26.5403,83.2939,86,5.82
318,stavrovo,100,RU,1572865753,90,56.1331,40.013,44.55,19.3
319,alofi,100,NU,1572865645,82,-19.0596,-169.9187,66.2,2.24
320,pochutla,0,MX,1572865907,88,15.7432,-96.4661,73.99,6.98
321,atar,0,MR,1572865830,15,20.5183,-13.0544,93.15,14.29
322,dubbo,51,AU,1572865758,42,-32.2479,148.6027,66.2,12.75
323,singaparna,97,ID,1572865687,96,-7.35,108.1108,69.87,3.44
324,luebo,96,CD,1572865743,42,-5.35,21.4167,92.34,2.8
325,torbay,40,CA,1572865936,93,47.6577,-52.727,42.01,18.34
326,lamar,1,US,1572865790,85,38.0872,-102.6208,24.8,6.93
327,namibe,97,AO,1572865766,83,-15.1902,12.1531,73.74,9.95
328,corinto,75,CO,1572865643,94,3.1734,-76.2601,68,2.24
329,saint-joseph,20,FR,1572865961,60,43.5562,6.9715,68,17.22
330,alice town,49,BS,1572865909,78,25.7167,-79.3001,79.94,14.7
331,lukovetskiy,75,RU,1572865757,80,64.2921,41.9233,30.2,13.42
332,katherine,90,AU,1572865818,61,-14.4657,132.2631,82.4,9.17
333,gajendragarh,74,IN,1572865751,62,15.7333,75.9833,82.51,6.58
334,tabas,52,IR,1572865742,24,33.596,56.9247,78.8,4.7
335,maningrida,85,AU,1572865818,73,-12.0525,134.2267,81.5,7.85
336,goderich,100,CA,1572865791,91,43.7407,-81.7078,43,18.99
337,ozernovskiy,78,RU,1572865820,81,51.5,156.5167,38.25,12.44
338,taltal,0,CL,1572865914,63,-25.408,-70.4859,59.42,6.06
339,draguignan,89,FR,1572865665,63,43.5375,6.4627,71.01,9.17
340,popondetta,100,PG,1572865819,99,-8.7668,148.2375,65.93,1.21
341,shenkursk,100,RU,1572865754,81,62.106,42.9077,29.18,4.5
342,lede,75,BE,1572865843,87,50.9661,3.9775,54,9.17
343,san jose,99,HN,1572865910,98,14.2466,-87.9604,60.87,3.06
344,springbok,0,ZA,1572865902,13,-29.666,17.8825,93.69,16.82
345,saint-louis,0,SN,1572865834,58,16.028,-16.5049,87.8,6.93
346,daund,53,IN,1572865751,71,18.461,74.5791,81.2,4.59
347,the valley,20,AI,1572865768,83,18.217,-63.0579,78.8,8.05
348,nadym,7,RU,1572865753,95,65.5336,72.5114,3.92,15.7
349,bonavista,38,CA,1572865934,86,48.6542,-53.1104,39,8.01
350,waddan,0,LY,1572865758,20,29.1615,16.1414,87.19,10.16
351,kangalassy,90,RU,1572865815,92,62.3491,129.9676,14,4.47
352,palimbang,90,PH,1572865799,78,14.8996,120.776,84.2,2.24
353,amantea,40,IT,1572865779,56,39.1332,16.0746,71.6,23.04
354,vostok,0,RU,1572865814,66,46.448,135.8294,21.65,4.03
355,hualmay,88,PE,1572865792,91,-11.0968,-77.613,62.1,13.06
356,quatre cocos,40,MU,1572865781,69,-20.2078,57.7625,80.6,16.11
357,williston,90,US,1572865790,100,48.1465,-103.6219,28.4,21.92
358,kommunisticheskiy,100,RU,1572865789,86,61.6789,64.4834,24.62,14.2
359,puerto escondido,2,MX,1572865768,67,15.8624,-97.0717,72.38,2.95
360,codrington,40,AU,1572865828,73,-28.9484,153.2428,73.4,13.87
361,varnavino,100,RU,1572865753,98,61.1857,46.5616,34.54,4.03
362,virginia beach,1,US,1572865650,93,36.853,-75.9775,42.8,10.76
363,urengoy,6,RU,1572865788,96,65.9642,78.368,-0.93,7.72
364,chandbali,1,IN,1572865786,69,20.7732,86.7376,79.97,6.17
365,la carolina,100,ES,1572865760,67,38.2742,-3.6153,64.99,13.47
366,laguna,20,BZ,1572865909,100,16.1684,-88.941,71.6,3.2
367,charters towers,89,AU,1572865828,67,-20.0715,146.271,75.22,8.75
368,ambilobe,30,MG,1572865781,48,-13.1945,49.05,89.1,4.29
369,tessalit,0,ML,1572865831,10,20.2009,1.014,96.06,5.08
370,neuquen,0,AR,1572865643,62,-38.9517,-68.0591,53.6,2.24
371,mandan,75,US,1572865656,92,46.8264,-100.8898,30.99,14.99
372,mastic beach,1,US,1572865788,80,40.7668,-72.8521,37.99,2.01
373,meulaboh,98,ID,1572865748,77,4.1363,96.1285,80.8,6.55
374,bereznik,98,RU,1572865760,86,62.8555,42.7101,26.75,5.23
375,college,1,US,1572865934,91,64.8569,-147.8028,14,3.31
376,ostrovnoy,83,RU,1572865758,84,68.0544,39.5129,20.41,22.03
377,shipunovo,100,RU,1572865788,63,52.2189,82.2616,32.61,9.35
378,byron bay,9,AU,1572865828,83,-28.65,153.6167,73.99,12.75
379,ancud,75,CL,1572865644,100,-41.8682,-73.8288,41,4.7
380,koboko,24,UG,1572865746,75,3.4097,30.9604,77.81,4.18
381,hun,75,BE,1572865843,87,50.3365,4.8669,53.01,13.87
382,nelson bay,75,AU,1572865774,77,-32.7219,152.1441,68,9.17
383,valparaiso,75,US,1572865651,87,41.4731,-87.0612,48.2,13.87
384,coahuayana,11,MX,1572865915,84,18.6201,-100.3453,67.21,1.9
385,te anau,100,NZ,1572865796,96,-45.4145,167.7175,50.88,1.72
386,penzance,40,GB,1572865761,87,50.1213,-5.533,53.01,23.04
387,polyarnyy,40,RU,1572865744,73,69.1989,33.4478,24.8,11.18
388,rawson,18,AR,1572865643,31,-43.2992,-65.1057,55.35,29.93
389,luanda,40,AO,1572865758,66,-8.8272,13.2437,86,9.78
390,olenino,100,RU,1572865755,94,56.209,33.48,49.34,11.79
391,chengde,0,CN,1572865757,62,40.9725,117.9276,46.44,3.33
392,nchelenge,40,ZM,1572865742,42,-9.3477,28.7353,85.79,9.62
393,mabaruma,21,GY,1572865902,74,8.1986,-59.7817,82.71,5.79
394,zeya,100,RU,1572865757,94,53.7404,127.2716,19.33,2.44
395,asyut,0,EG,1572865743,36,27.1802,31.1877,80.6,5.82
396,campos altos,7,BR,1572865906,65,-19.6964,-46.1714,76.98,5.91
397,lata,20,IN,1572865749,47,30.7809,78.6152,80.6,6.93
398,beloha,4,MG,1572865747,38,-25.1739,45.0615,86.83,18.48
399,cabedelo,75,BR,1572865766,88,-6.9733,-34.8352,77,4.7
400,fairbanks,1,US,1572865657,84,64.8378,-147.7167,12,3.31
401,amurzet,32,CN,1572865815,57,47.6947,131.0897,28.87,0.63
402,maragogi,93,BR,1572865766,67,-9.0119,-35.2226,80.98,8.66
403,birao,0,CF,1572865746,20,10.2962,22.781,94.52,11.1
404,mayor pablo lagerenza,0,PY,1572865914,45,-19.9309,-60.7718,88.7,16.64
405,bethel,1,US,1572865797,78,60.7922,-161.7559,17.6,18.34
406,walvis bay,5,NA,1572865766,16,-22.9544,14.5075,95,16.11
407,naruto,75,JP,1572865756,55,34.1833,134.6167,60.8,23.04
408,mount isa,40,AU,1572865758,27,-20.729,139.4932,86,19.46
409,hondo,1,US,1572865793,87,29.3474,-99.1413,55.99,3.36
410,yaan,14,NG,1572865759,52,7.3833,8.5667,91.62,3.15
411,hayrabolu,75,TR,1572865746,60,41.2147,27.1082,72,18.34
412,port-cartier,75,CA,1572865935,77,50.0257,-66.8819,32,5.82
413,kedrovyy,0,RU,1572865790,58,56.1667,91.8167,26.6,4.47
414,hamilton,90,CA,1572865935,93,43.2552,-79.8683,46.4,8.05
415,mazyr,14,BY,1572865745,64,52.0476,29.2666,60.68,13.2
416,crotone,0,IT,1572865668,43,39.0851,17.1178,71.6,13.87
417,sept-iles,75,CA,1572865659,92,50.2001,-66.3821,32,5.82
418,canmore,90,CA,1572865971,92,51.0867,-115.3482,27,5.82
419,tabuk,97,PH,1572865754,98,17.4136,121.444,65.28,1.14
420,aquiraz,75,BR,1572865766,69,-3.9028,-38.389,82.4,12.75
421,san ramon,27,NI,1572865780,95,12.9229,-85.8385,64.85,4.85
422,shushenskoye,0,RU,1572865753,73,53.3278,91.9454,26.6,2.84
423,ballina,75,IE,1572865796,100,54.1143,-9.1533,51.01,9.17
424,boguchany,98,RU,1572865789,65,58.3828,97.4616,19.44,2.59
425,henties bay,0,NA,1572865902,53,-22.1161,14.2845,68.94,14.76
426,olga,1,US,1572865656,62,34.1125,-118.1657,59,1.54
427,la ronge,90,CA,1572865935,66,55.1004,-105.3013,14,6.93
428,vanavara,52,RU,1572865791,93,60.3452,102.2809,4.73,4.14
429,fazalpur,0,PK,1572865748,45,32.1833,75.0667,84.2,11.41
430,canutama,96,BR,1572865911,63,-6.5331,-64.3835,83.91,1.34
431,ilhabela,96,BR,1572865767,86,-23.7781,-45.3581,75.65,2.51
432,penticton,90,CA,1572865658,80,49.4949,-119.5945,42.01,3.51
433,kyrksaeterora,0,NO,1572865781,47,63.2906,9.0891,35.6,12.75
434,la rioja,84,AR,1572865643,48,-29.4128,-66.8559,68.45,1.66
435,kamenka,0,MD,1572865762,66,48.0322,28.7042,63,7.0
436,camacha,20,PT,1572865829,60,33.0833,-16.3334,73.4,14.99
437,wanning,20,AT,1572865847,67,48.6402,13.529,63,3.36
438,bhasawar,0,IN,1572865752,26,27.0333,77.0333,84.13,6.67
439,londonderry,75,US,1572865787,79,42.8651,-71.374,34,2.33
440,palauig,100,PH,1572865796,75,15.435,119.9045,83.75,9.17
441,nome,90,US,1572865921,82,30.0358,-94.4244,55.4,5.82
442,beringovskiy,57,RU,1572865820,96,63.05,179.3167,22.88,2.55
443,fougamou,100,GA,1572865830,60,-1.2165,10.5914,87.23,4.05
444,tindivanam,0,IN,1572865749,67,12.2262,79.6515,81.3,6.51
445,saint-agapit,20,CA,1572865976,86,46.5629,-71.4352,33.01,6.93
446,nyurba,96,RU,1572865814,94,63.2866,118.3541,4.39,4.9
447,alihe,90,CN,1572865757,82,50.5723,123.7337,27.79,9.8
448,bagnan,17,IN,1572865752,66,22.4641,87.9803,86,5.82
449,carinhanha,11,BR,1572865906,34,-14.2986,-43.7724,89.62,4.27
450,bolobo,88,CD,1572865759,76,-2.1667,16.2333,82.49,7.4
451,caibarien,20,CU,1572865768,94,22.5206,-79.467,68,2.24
452,leo,100,BF,1572865759,37,11.0971,-2.1048,92.7,4.9
453,riviere-au-renard,5,CA,1572865962,92,48.9957,-64.3972,26.6,8.21
454,satuk,75,TR,1572865773,37,41.2263,32.3836,71.6,8.05
455,pitsunda,56,GE,1572865762,36,43.1598,40.3372,64.4,6.71
456,araouane,2,ML,1572865831,11,18.9041,-3.5276,93.35,11.63
457,axim,0,GH,1572865759,72,4.8654,-2.2422,83.43,10.02
458,bolshaya dzhalga,61,RU,1572865758,61,45.9695,42.6966,53.17,14.27
459,boa vista,0,BR,1572865642,83,2.8213,-60.6724,78.8,6.93
460,inirida,8,CO,1572865911,93,3.8653,-67.9239,76.77,3.11
461,oum hadjer,0,TD,1572865759,10,13.2954,19.6966,98.22,10.31
462,pandan,51,PH,1572865796,79,11.7199,122.0946,82.8,11.63
463,vila,0,IT,1572865899,72,45.1829,8.402,61,3.36
464,komsomolskiy,100,RU,1572865789,86,67.5537,63.776,14.18,21.77
465,jaora,21,IN,1572865751,58,23.6379,75.1282,79.4,4.05
466,san rafael,49,AR,1572865643,27,-34.6127,-68.3306,62.46,9.13
467,teknaf,0,BD,1572865748,74,20.8624,92.3058,82.33,13.38
468,namatanai,100,PG,1572865819,89,-3.6642,152.4407,75.89,5.19
469,ust-kan,62,RU,1572865788,61,50.932,84.7652,32.79,6.24
470,birin,40,NP,1572865784,45,26.8865,88.0718,87.8,2.24
471,pecos,1,US,1572865790,49,31.4245,-103.4935,48.2,7.11
472,dongsheng,0,CN,1572865755,49,29.7168,112.5229,64.38,7.07
473,ukiah,0,US,1572865656,66,39.1502,-123.2078,55,3.2
474,rio grande,20,BR,1572865767,100,-32.0335,-52.0992,64,6.42
475,rocha,78,UY,1572865766,78,-34.4811,-54.3366,64.74,9.42
476,tual,100,ID,1572865753,82,-5.6667,132.75,81.43,17.22
477,lipin bor,100,RU,1572865757,94,60.2622,37.9714,32.33,5.19
478,grants pass,1,US,1572865657,86,42.4394,-123.3273,43,1.36
479,lukulu,57,ZM,1572865779,14,-14.3768,23.239,99,8.39
480,kochubey,95,RU,1572865758,76,44.3919,46.5441,54.66,22.48
481,kununurra,88,AU,1572865793,78,-15.7731,128.7388,82.4,6.93
482,guarapari,0,BR,1572865767,74,-20.6667,-40.4976,82,9.17
483,omsukchan,95,RU,1572865820,98,62.5333,155.8,9.83,4.52
484,karachi,0,PK,1572865748,33,24.8668,67.0311,91.4,6.93
485,boddam,75,GB,1572865838,93,57.4667,-1.7834,48.2,16.11
486,saint-pierre,75,FR,1572865875,82,48.9455,4.2446,55.99,19.46
487,luderitz,0,NA,1572865766,39,-26.6481,15.1594,80.6,21.92
488,chibombo,7,ZM,1572865779,13,-14.6803,28.0947,99.02,12.57
489,gravdal,0,NO,1572865781,56,59.7913,5.7785,46,4.7
490,shenjiamen,0,CN,1572865755,73,29.9576,122.298,65.18,14.81
491,san vicente de chucuri,100,CO,1572865911,95,6.881,-73.4098,71.87,1.43
492,ust-uda,81,RU,1572865814,76,54.1748,103.0282,19.55,3.09
493,chapais,90,CA,1572865934,92,49.7839,-74.8569,23,9.17
494,povenets,50,RU,1572865755,88,62.8487,34.8262,25.11,4.12
495,gorin,67,BF,1572865830,27,12.3445,-0.6727,95.25,5.03
496,fundacion,65,PH,1572865797,90,10.6405,122.1837,77.99,4.99
497,banda aceh,13,ID,1572865748,81,5.5577,95.3222,81.05,19.64
498,vestmannaeyjar,75,IS,1572865903,69,63.4427,-20.2734,39.2,17.22
499,micheweni,1,TZ,1572865745,78,-4.9667,39.8333,80.73,14.03
500,riwaka,0,NZ,1572865828,80,-41.0803,172.9968,57,1.99
501,dillon,90,US,1572865933,64,45.2164,-112.6379,37.4,10.29
502,bilma,0,NE,1572865831,9,18.6929,12.9187,95.9,11.68
503,sao paulo de olivenca,99,BR,1572865911,88,-3.3784,-68.8725,77.65,1.77
504,dunedin,52,NZ,1572865758,94,-45.874,170.5035,55,1.01
505,pokhara,74,NP,1572865970,94,28.2095,83.9914,44.98,1.66
506,novyy karachay,52,RU,1572865755,26,43.8208,41.9032,57.44,2.01
507,bonthe,0,SL,1572865830,76,7.5273,-12.502,81.18,4.79
508,najran,40,SA,1572865744,25,17.544,44.2247,86,9.17
509,mareeba,83,AU,1572865825,78,-16.9916,145.4227,75.2,1.12
510,tilichiki,100,RU,1572865820,97,60.4667,166.1,32.87,11.97
511,tagusao,70,PH,1572865794,78,9.1924,117.8141,83.18,18.03
512,caetes,0,BR,1572865903,37,-8.7731,-36.6226,86.61,8.37
513,miyako,20,JP,1572865808,62,33.6345,130.9396,60.8,5.82
514,katobu,38,ID,1572865754,83,-4.9409,122.5276,76.17,2.04
515,bubaque,35,GW,1572865830,71,11.2833,-15.8334,83.45,5.66
516,lakatoro,100,VU,1572865820,79,-16.1069,167.4185,79.61,15.55
517,zlobin,20,HR,1572865900,67,45.2924,14.6541,64.99,5.82
518,coquimbo,67,CL,1572865644,76,-29.9532,-71.3381,57.2,3.36
519,zhangjiakou,0,CN,1572865757,54,40.7664,114.8799,41.2,7.81
520,sierre,90,CH,1572865792,81,46.2923,7.5323,51.8,2.24
521,kazachinskoye,100,RU,1572865789,60,57.6944,93.281,23.61,6.67
522,raudeberg,0,NO,1572865893,48,61.9875,5.1352,44.01,3.36
523,barcelona,0,ES,1572865890,53,41.3829,2.1774,73.99,20.8
524,gemena,100,CD,1572865759,54,3.2549,19.7751,88.16,5.91
525,ponerihouen,9,NC,1572865820,88,-21.0834,165.4,64.65,5.61
526,flin flon,0,CA,1572865934,76,54.7698,-101.879,7.77,10.47
527,nichinan,75,JP,1572865756,56,31.6476,131.3148,68,19.46
528,cortez,1,US,1572865790,48,37.3495,-108.5841,28,9.17
529,albion,1,US,1572865927,93,41.6908,-98.0037,37,6.93
530,zaltan,14,LY,1572865758,35,32.947,11.8665,81.03,12.12
531,sim,78,BR,1572865767,60,-12.2513,-38.9261,84.13,6.38
532,samarinda,11,ID,1572865754,87,-0.5018,117.1393,76.19,3.71
533,sioux lookout,90,CA,1572865936,92,50.1001,-91.9191,30.2,6.93
534,mayo,20,CA,1572865935,85,63.5927,-135.8962,17.6,9.17
535,kloulklubed,90,PW,1572865969,83,7.0419,134.2556,78.8,5.82
536,panzhihua,23,CN,1572865962,84,26.586,101.7179,59.43,2.37
537,faya,0,SA,1572865742,14,18.3851,42.4509,80.6,9.17
538,jimenez,0,PA,1572865912,79,8.5404,-82.3705,64.99,2.93
539,leningradskiy,23,RU,1572865820,76,69.3833,178.4167,18.66,5.32
540,pyaozerskiy,0,RU,1572865754,70,65.8333,31.1667,27.52,11.79
541,manoel urbano,88,BR,1572865911,91,-8.8389,-69.2621,75.53,1.88
542,simao,36,CN,1572865961,92,22.7618,100.7911,63.9,2.51
543,cruz do espirito santo,75,BR,1572865903,88,-7.14,-35.0864,77,4.7
544,poum,75,MK,1572865777,82,41.2813,20.7117,59,12.75
545,yiyang,0,CN,1572865755,62,28.5889,112.3464,60.19,3.04
546,san vicente,72,EC,1572865642,84,-0.5897,-80.4085,73.91,6.91
547,bandarbeyla,99,SO,1572865744,55,9.4942,50.8122,83.91,14.76
548,thinadhoo,46,MV,1572865780,63,0.5333,72.9333,83.68,2.51
549,iraray,63,PH,1572865797,84,8.9936,118.0511,77.56,4.65
550,sangmelima,61,CM,1572865758,82,2.9333,11.9833,79,2.04
